,ENSMUSG00000016087,ENSMUSG00000032228,ENSMUSG00000066551,ENSMUSG00000022952,ENSMUSG00000055320,ENSMUSG00000024238,ENSMUSG00000024420,ENSMUSG00000030557,ENSMUSG00000031627,ENSMUSG00000033713,ENSMUSG00000052534,ENSMUSG00000008398,ENSMUSG00000021972,ENSMUSG00000022601,ENSMUSG00000038718,ENSMUSG00000055799,ENSMUSG00000062991,ENSMUSG00000002265,ENSMUSG00000005566,ENSMUSG00000005698,ENSMUSG00000006932,ENSMUSG00000008575,ENSMUSG00000009079,ENSMUSG00000020919,ENSMUSG00000021127,ENSMUSG00000022811,ENSMUSG00000024498,ENSMUSG00000024949,ENSMUSG00000024985,ENSMUSG00000025529,ENSMUSG00000026349,ENSMUSG00000026872,ENSMUSG00000027868,ENSMUSG00000029705,ENSMUSG00000030067,ENSMUSG00000030199,ENSMUSG00000031681,ENSMUSG00000037608,ENSMUSG00000038535,ENSMUSG00000038872,ENSMUSG00000039087,ENSMUSG00000042496,ENSMUSG00000045333,ENSMUSG00000048410,ENSMUSG00000048897,ENSMUSG00000049606,ENSMUSG00000049878,ENSMUSG00000053110,ENSMUSG00000053477,ENSMUSG00000056758,ENSMUSG00000063524,ENSMUSG00000078671,ENSMUSG00000001517,ENSMUSG00000002147,ENSMUSG00000002393,ENSMUSG00000002428,ENSMUSG00000003051,ENSMUSG00000003184,ENSMUSG00000003282,ENSMUSG00000003929,ENSMUSG00000049577,ENSMUSG00000014592,ENSMUSG00000001911,ENSMUSG00000043456,ENSMUSG00000000282,ENSMUSG00000037992,ENSMUSG00000037465,ENSMUSG00000048402,ENSMUSG00000055053,ENSMUSG00000056493,ENSMUSG00000000247,ENSMUSG00000000317,ENSMUSG00000023781,ENSMUSG00000025407,ENSMUSG00000027544,ENSMUSG00000037868,ENSMUSG00000040270,ENSMUSG00000005836,ENSMUSG00000008976,ENSMUSG00000015619,ENSMUSG00000018983,ENSMUSG00000025959,ENSMUSG00000026628,ENSMUSG00000027230,ENSMUSG00000027985,ENSMUSG00000028163,ENSMUSG00000029697,ENSMUSG00000031737,ENSMUSG00000036867,ENSMUSG00000038615,ENSMUSG00000044303,ENSMUSG00000050100,ENSMUSG00000051910,ENSMUSG00000057098,ENSMUSG00000059824,ENSMUSG00000074622,ENSMUSG00000075595,ENSMUSG00000076431,ENSMUSG00000017491,ENSMUSG00000021944,ENSMUSG00000022485,ENSMUSG00000022528,ENSMUSG00000025025,ENSMUSG00000025223,ENSMUSG00000028736,ENSMUSG00000029178
ENSMUSG00000016087,0,0,0,13.5944810703302,0,18.0440050202979,0,0,8.25017492640102,0,8.56929737024954,10.7270201657196,0,0,7.50106424274728,0,9.53382077477127,6.87036852590536,0,0,0,12.7789662215797,0,7.34408399063983,0,0,0,0,1.07716083234749,15.622824771698,0,9.2326733074119,0,0,11.9659298994993,0,0,0,0,0,0,0,4.1684435529821,0,0,0,0,0,9.49407230557172,8.94650406225503,0,0,0,0,0,0,0,0,0,0,7.43304516449605,0,0,4.72396716547442,0,0,0,0,17.4623473655937,0,9.67275085600655,0,0,0,0,9.56188093559179,1.19860587738278,0,0,9.95537740348219,0,0,0,0,0,0,0,0,0,0,0,0,0.135255421272408,10.856786985576,0,12.8015118140212,0,0,0.171644847490463,8.20184611575574,0,2.46737091700232,0,0,0,0
ENSMUSG00000032228,0.146277332701923,0,0,0.764932630495577,0,13.9893848188431,0,0,9.64350659698231,0,17.6403803042408,0.356637735442051,0,0,13.6159324693478,0,10.9893346610776,9.86145636708676,0,0,0,7.36421930940867,0,12.2878230954468,0,0,0,0,12.5975766703095,6.09040561472682,0,11.3436433742459,0,0,21.3476848901885,0,0,0,0,0,0,0,15.9892388599394,0,0,0,0,0,17.3272454678423,10.9149806957632,0,0,0,0,0,0,0,0,0,0,9.10550398943786,0,0,6.75733726770176,0,0,0,0,10.9191218761578,0,3.77785851626604,0,0,0,0,10.7761107024649,18.3507842493998,9.40444918130628,0,0.070355791724854,0,0,0,4.63067636742598,10.5884026680485,0,1.22673486890384,0,13.0651550273682,0,0,0,11.9320837045467,7.28867506553958,0,9.33239970623766,0,0,13.0622233615458,0.540430595876598,0,3.64377887468676,0,0,0,0
ENSMUSG00000066551,0,0,0,0,0,0,0,0,0,0,0,0,0,0,0,0,0,0,0,0,0,0,0,0,0,0,0,0,0,0,0,0,0,0,0,0,0,0,0,0,0,0,0,0,0,0,0,0,0,0,0,0,0,0,0,0,0,0,0,0,0,0,0,0,0,0,0,0,0,0,0,0,0,0,0,0,0,0,0,0,0,0,0,0,0,0,0,0,0,0,0,0,0,0,0,0,0,0,0,0,0,0,0,0,0,0
ENSMUSG00000022952,0,6.50202542435858,0,0,0,0,0,0,0,0,0,0,0,0,0,0,3.66961728170628,0,0,0,0,4.46665515473335,0,15.1176188771942,0,0,0,0,0,0,0,12.1535742920257,0,0,0,0,0,0,0,0,0,0,0,0,0,0,0,0,0,0,0,0,0,0,0,0,0,0,0,0,12.0209470746455,0,0,0,0,0,0,0,2.95177766432749,0,0,0,0,0,0,0,0,0,0,0,0,0,0,1.0939658016514,0,0,0,0,0,0,0,0,8.45749777540777,0,0,0,0,0,4.69960170493687,0,0,0,0,0,0,0
ENSMUSG00000055320,0,0,0,0,0,0,0,0,0,0,0,0,0,0,0,0,0,0,0,0,0,0,0,0,0,0,0,0,0,0,0,0,0,0,0,0,0,0,0,0,0,0,0,0,0,0,0,0,0,0,0,0,0,0,0,0,0,0,0,0,0,0,0,0,0,0,0,0,0,0,0,0,0,0,0,0,0,0,0,0,0,0,0,0,0,0,0,0,0,0,0,0,0,0,0,0,0,0,0,0,0,0,0,0,0,0
ENSMUSG00000024238,11.8883826442817,12.0692773266733,0,5.26581397129985,0,0,0,0,7.09380553528509,0,9.64217013346757,11.2888439046066,0,0,11.5308674037959,0,10.7632524983435,6.20377225850988,0,0,0,12.8419300214337,0,5.97733784280624,0,0,0,0,14.6170564155768,7.94857474605636,0,12.8445497847233,0,0,12.2649364316694,0,0,0,0,0,0,0,16.2629660665047,0,0,0,0,0,12.0905614395819,12.4678768279824,0,0,0,0,0,0,0,0,0,0,2.80105278846053,0,0,9.53193681170963,0,0,0,0,5.7515733049313,0,4.26966395033753,0,0,0,0,6.4166573349209,17.6925161283976,8.52516862741032,0,1.46252734225971,0,0,0,0,3.46543710863942,0,0.247723226356433,0,11.232250584258,0,0,0,13.6805180438374,6.47033687770203,0,0.730609544050686,0,0,10.7976607433613,6.14287676404189,0,3.21211325535565,0,0,0,0
ENSMUSG00000024420,0,0,0,0,0,0,0,0,0,0,0,0,0,0,0,0,0,0,0,0,0,0,0,0,0,0,0,0,0,0,0,0,0,0,0,0,0,0,0,0,0,0,0,0,0,0,0,0,0,0,0,0,0,0,0,0,0,0,0,0,0,0,0,0,0,0,0,0,0,0,0,0,0,0,0,0,0,0,0,0,0,0,0,0,0,0,0,0,0,0,0,0,0,0,0,0,0,0,0,0,0,0,0,0,0,0
ENSMUSG00000030557,0,0,0,0,0,0,0,0,0,0,0,0,0,0,0,0,0,0,0,0,0,0,0,0,0,0,0,0,0,0,0,0,0,0,0,0,0,0,0,0,0,0,0,0,0,0,0,0,0,0,0,0,0,0,0,0,0,0,0,0,0,0,0,0,0,0,0,0,0,0,0,0,0,0,0,0,0,0,0,0,0,0,0,0,0,0,0,0,0,0,0,0,0,0,0,0,0,0,0,0,0,0,0,0,0,0
ENSMUSG00000031627,16.0838726627433,5.60254183969625,0,0.249870735362439,0,11.8797937617293,0,0,0,0,0,9.59142249484734,0,0,9.25150439816986,0,2.3901944961916,0,0,0,0,10.0647577163199,0,13.2294806936535,0,0,0,0,6.67440962003582,6.55849668787731,0,1.72824707829494,0,0,0.478533332918545,0,0,0,0,0,0,0,0,0,0,0,0,0,12.2904064528267,0,0,0,0,0,0,0,0,0,0,0,8.67966858914962,0,0,0,0,0,0,0,9.39987697556354,0,0.301765438648194,0,0,0,0,0.58370595957292,0.885347895927817,10.8199751776513,0,5.61104171806674,0,0,0,0,14.8066962817821,0,0,0,7.14667833465221,0,0,0,3.15522277225894,0.599219949379792,0,0,0,0,4.23919707711371,0,0,0,0,0,0,0
ENSMUSG00000033713,0,0,0,0,0,0,0,0,0,0,0,0,0,0,0,0,0,0,0,0,0,0,0,0,0,0,0,0,0,0,0,0,0,0,0,0,0,0,0,0,0,0,0,0,0,0,0,0,0,0,0,0,0,0,0,0,0,0,0,0,0,0,0,0,0,0,0,0,0,0,0,0,0,0,0,0,0,0,0,0,0,0,0,0,0,0,0,0,0,0,0,0,0,0,0,0,0,0,0,0,0,0,0,0,0,0
ENSMUSG00000052534,0,0,0,0,0,0,0,0,0,0,0,0,0,0,13.6690971192316,0,0,9.06335108563211,0,0,0,0,0,9.26895761522329,0,0,0,0,9.33537730406891,0,0,0,0,0,0,0,0,0,0,0,0,0,0,0,0,0,0,0,0,0,0,0,0,0,0,0,0,0,0,0,12.7808888065529,0,0,0,0,0,0,0,4.42472433523007,0,0,0,0,0,0,0,0,0,0,0,0,0,0,0,0,0,0,0,0,0,0,0,0,0,0,0,0,0,0,0,0,0,0,0,0,0
ENSMUSG00000008398,0,0,0,0,0,14.5782953548884,0,0,11.2658572218068,0,0,0,0,0,4.0628803653829,0,0,0,0,0,0,8.82116993000166,0,5.01749042548554,0,0,0,0,0,0,0,0,0,0,0,0,0,0,0,0,0,0,2.39930113398726,0,0,0,0,0,0,0,0,0,0,0,0,0,0,0,0,0,9.0320956925614,0,0,0.750491407850101,0,0,0,0,3.67896990838691,0,0,0,0,0,0,0,0.0213814734277267,0,0,4.13355152933276,0,0,0,0,0,0,0,0,0,0,0,0,7.07164473852985,0,0,0,0,0,2.19909423846341,0,0,1.8404939937948,0,0,0,0
ENSMUSG00000021972,0,0,0,0,0,0,0,0,0,0,0,0,0,0,0,0,0,0,0,0,0,0,0,0,0,0,0,0,0,0,0,0,0,0,0,0,0,0,0,0,0,0,0,0,0,0,0,0,0,0,0,0,0,0,0,0,0,0,0,0,0,0,0,0,0,0,0,0,0,0,0,0,0,0,0,0,0,0,0,0,0,0,0,0,0,0,0,0,0,0,0,0,0,0,0,0,0,0,0,0,0,0,0,0,0,0
ENSMUSG00000022601,0,0,0,0,0,0,0,0,0,0,0,0,0,0,0,0,0,0,0,0,0,0,0,0,0,0,0,0,0,0,0,0,0,0,0,0,0,0,0,0,0,0,0,0,0,0,0,0,0,0,0,0,0,0,0,0,0,0,0,0,0,0,0,0,0,0,0,0,0,0,0,0,0,0,0,0,0,0,0,0,0,0,0,0,0,0,0,0,0,0,0,0,0,0,0,0,0,0,0,0,0,0,0,0,0,0
ENSMUSG00000038718,0,16.8134798188686,0,3.11857416374631,0,14.1979839828542,0,0,9.59041134689653,0,13.1595710135093,0.308133228830919,0,0,0,0,9.23202262949909,9.67443353081238,0,0,0,8.40241472274007,0,5.91478702941336,0,0,0,0,12.8327282542134,6.18969259909213,0,15.8246037173338,0,0,13.4304067953217,0,0,0,0,0,0,0,15.8198736754404,0,0,0,0,0,15.89004249873,12.1821770165593,0,0,0,0,0,0,0,0,0,0,9.53656617169441,0,0,9.77338739419614,0,0,0,0,6.46676175173465,0,3.71786105546022,0,0,0,0,12.9692779737862,14.2834854805094,8.01488738997372,0,0,0,0,0,2.02288524802111,9.22146246325322,0,0,0,10.6086909659252,0,0,0,16.7026624742102,0,0,5.99542521820384,0,0,0,2.72632276972321,0,3.6206110356896,0,0,0,0
ENSMUSG00000055799,0,0,0,0,0,0,0,0,0,0,0,0,0,0,0,0,0,0,0,0,0,0,0,0,0,0,0,0,0,0,0,0,0,0,0,0,0,0,0,0,0,0,0,0,0,0,0,0,0,0,0,0,0,0,0,0,0,0,0,0,0,0,0,0,0,0,0,0,0,0,0,0,0,0,0,0,0,0,0,0,0,0,0,0,0,0,0,0,0,0,0,0,0,0,0,0,0,0,0,0,0,0,0,0,0,0
ENSMUSG00000062991,0,0,0,0,0,0,0,0,0,0,0,0,0,0,0,0,0,0,0,0,0,0,0,0,0,0,0,0,0,0,0,0,0,0,0,0,0,0,0,0,0,0,0,0,0,0,0,0,0,0,0,0,0,0,0,0,0,0,0,0,0,0,0,0,0,0,0,0,0,0,0,0,0,0,0,0,0,0,0,0,0,0,0,0,0,0,0,0,0,0,0,0,0,0,0,0,0,0,0,0,0,0,0,0,0,0
ENSMUSG00000002265,0,0,0,0,0,0,0,0,0,0,0,0,0,0,0,0,0,0,0,0,0,0,0,0,0,0,0,0,0,0,0,0,0,0,0,0,0,0,0,0,0,0,0,0,0,0,0,0,0,0,0,0,0,0,0,0,0,0,0,0,0,0,0,0,0,0,0,0,0,0,0,0,0,0,0,0,0,0,0,0,0,0,0,0,0,0,0,0,0,0,0,0,0,0,0,0,0,0,0,0,0,0,0,0,0,0
ENSMUSG00000005566,0,0,0,0,0,0,0,0,0,0,0,0,0,0,0,0,0,0,0,0,0,0,0,0,0,0,0,0,0,0,0,0,0,0,0,0,0,0,0,0,0,0,0,0,0,0,0,0,0,0,0,0,0,0,0,0,0,0,0,0,0,0,0,0,0,0,0,0,0,0,0,0,0,0,0,0,0,0,0,0,0,0,0,0,0,0,0,0,0,0,0,0,0,0,0,0,0,0,0,0,0,0,0,0,0,0
ENSMUSG00000005698,0,0,0,0,0,0,0,0,0,0,0,0,0,0,0,0,0,0,0,0,0,0,0,0,0,0,0,0,0,0,0,0,0,0,0,0,0,0,0,0,0,0,0,0,0,0,0,0,0,0,0,0,0,0,0,0,0,0,0,0,0,0,0,0,0,0,0,0,0,0,0,0,0,0,0,0,0,0,0,0,0,0,0,0,0,0,0,0,0,0,0,0,0,0,0,0,0,0,0,0,0,0,0,0,0,0
ENSMUSG00000006932,0,0,0,0,0,0,0,0,0,0,0,0,0,0,0,0,0,0,0,0,0,0,0,0,0,0,0,0,0,0,0,0,0,0,0,0,0,0,0,0,0,0,0,0,0,0,0,0,0,0,0,0,0,0,0,0,0,0,0,0,0,0,0,0,0,0,0,0,0,0,0,0,0,0,0,0,0,0,0,0,0,0,0,0,0,0,0,0,0,0,0,0,0,0,0,0,0,0,0,0,0,0,0,0,0,0
ENSMUSG00000008575,0,0,0,0,0,0,0,0,7.92468421248317,0,4.89470936411219,0,0,0,10.571913606376,0,7.54191640871301,0,0,0,0,0,0,3.45389202515233,0,0,0,0,0,0,0,0,0,0,0.462419192683193,0,0,0,0,0,0,0,0,0,0,0,0,0,0,6.18924007581104,0,0,0,0,0,0,0,0,0,0,3.20574231503283,0,0,0,0,0,0,0,0,0,0,0,0,0,0,0,0,0,0,0,0,0,0,0,0,0,0,0,0,0,0,0,0,0,0,0,0,0,1.1298581649737,0,0,0,0,0,0,0
ENSMUSG00000009079,0,0,0,0,0,0,0,0,0,0,0,0,0,0,0,0,0,0,0,0,0,0,0,0,0,0,0,0,0,0,0,0,0,0,0,0,0,0,0,0,0,0,0,0,0,0,0,0,0,0,0,0,0,0,0,0,0,0,0,0,0,0,0,0,0,0,0,0,0,0,0,0,0,0,0,0,0,0,0,0,0,0,0,0,0,0,0,0,0,0,0,0,0,0,0,0,0,0,0,0,0,0,0,0,0,0
ENSMUSG00000020919,0,12.5912702330328,0,10.7487509771705,0,0,0,0,9.02651452219725,0,0,0,0,0,0,0,9.7250591828928,6.14739896823867,0,0,0,0,0,0,0,0,0,0,0,0,0,0,0,0,12.2107564901664,0,0,0,0,0,0,0,1.51836852560439,0,0,0,0,0,0,0,0,0,0,0,0,0,0,0,0,0,13.9214623024,0,0,0.68683482713348,0,0,0,0,2.59074068263552,0,0,0,0,0,0,0.146785423721486,5.98502703156797,6.68074377306968,0,0.777242473739532,0,0,0,2.86549255000802,0,0,0,0,0,0,0,0,0,0,0,0,0,0,4.26419501531103,5.25822343412001,0,0,0,0,0,0
ENSMUSG00000021127,0,0,0,0,0,0,0,0,0,0,0,0,0,0,0,0,0,0,0,0,0,0,0,0,0,0,0,0,0,0,0,0,0,0,0,0,0,0,0,0,0,0,0,0,0,0,0,0,0,0,0,0,0,0,0,0,0,0,0,0,0,0,0,0,0,0,0,0,0,0,0,0,0,0,0,0,0,0,0,0,0,0,0,0,0,0,0,0,0,0,0,0,0,0,0,0,0,0,0,0,0,0,0,0,0,0
ENSMUSG00000022811,0,0,0,0,0,0,0,0,0,0,0,0,0,0,0,0,0,0,0,0,0,0,0,0,0,0,0,0,0,0,0,0,0,0,0,0,0,0,0,0,0,0,0,0,0,0,0,0,0,0,0,0,0,0,0,0,0,0,0,0,0,0,0,0,0,0,0,0,0,0,0,0,0,0,0,0,0,0,0,0,0,0,0,0,0,0,0,0,0,0,0,0,0,0,0,0,0,0,0,0,0,0,0,0,0,0
ENSMUSG00000024498,0,0,0,0,0,0,0,0,0,0,0,0,0,0,0,0,0,0,0,0,0,0,0,0,0,0,0,0,0,0,0,0,0,0,0,0,0,0,0,0,0,0,0,0,0,0,0,0,0,0,0,0,0,0,0,0,0,0,0,0,0,0,0,0,0,0,0,0,0,0,0,0,0,0,0,0,0,0,0,0,0,0,0,0,0,0,0,0,0,0,0,0,0,0,0,0,0,0,0,0,0,0,0,0,0,0
ENSMUSG00000024949,0,0,0,0,0,0,0,0,0,0,0,0,0,0,0,0,0,0,0,0,0,0,0,0,0,0,0,0,0,0,0,0,0,0,0,0,0,0,0,0,0,0,0,0,0,0,0,0,0,0,0,0,0,0,0,0,0,0,0,0,0,0,0,0,0,0,0,0,0,0,0,0,0,0,0,0,0,0,0,0,0,0,0,0,0,0,0,0,0,0,0,0,0,0,0,0,0,0,0,0,0,0,0,0,0,0
ENSMUSG00000024985,0.734564524441519,16.0627612855712,0,7.25108136373821,0,11.1573942711381,0,0,8.92338792377988,0,8.76174896742004,6.43633578030799,0,0,8.35204318678799,0,12.8187045723883,10.2914032290308,0,0,0,14.6799562990397,0,5.21596069655788,0,0,0,0,0,3.26445331489774,0,5.39441294285073,0,0,14.4854430529128,0,0,0,0,0,0,0,12.7274750989065,0,0,0,0,0,13.89940338717,13.211299989635,0,0,0,0,0,0,0,0,0,0,4.53153214291415,0,0,8.92833986081739,0,0,0,0,7.77747771918007,0,11.320011191674,0,0,0,0,2.31185780776261,14.4017244021709,8.4215383886064,0,0.368501984078717,0,0,0,0,0.0425009903458068,0,0,0,12.7377582999167,0,0,0,10.3256221374577,6.42837200323128,0,5.93193431102273,0,0,8.77818323290606,4.81614616324637,0,7.21134353085705,0,0,0,0
ENSMUSG00000025529,0,0,0,0,0,0,0,0,0,0,0,0,0,0,0,0,0,0,0,0,0,0,0,0,0,0,0,0,0,0,0,0,0,0,0,0,0,0,0,0,0,0,0,0,0,0,0,0,0,0,0,0,0,0,0,0,0,0,0,0,0,0,0,0,0,0,0,0,0,0,0,0,0,0,0,0,0,0,0,0,0,0,0,0,0,0,0,0,0,0,0,0,0,0,0,0,0,0,0,0,0,0,0,0,0,0
ENSMUSG00000026349,0,0,0,0,0,0,0,0,0,0,0,0,0,0,0,0,0,0,0,0,0,0,0,0,0,0,0,0,0,0,0,0,0,0,0,0,0,0,0,0,0,0,0,0,0,0,0,0,0,0,0,0,0,0,0,0,0,0,0,0,0,0,0,0,0,0,0,0,0,0,0,0,0,0,0,0,0,0,0,0,0,0,0,0,0,0,0,0,0,0,0,0,0,0,0,0,0,0,0,0,0,0,0,0,0,0
ENSMUSG00000026872,0,0,0,0,0,0,0,0,0,0,0,0,0,0,0,0,0,0,0,0,0,0,0,0,0,0,0,0,0,0,0,0,0,0,0,0,0,0,0,0,0,0,0,0,0,0,0,0,0,0,0,0,0,0,0,0,0,0,0,0,0,0,0,0,0,0,0,0,0,0,0,0,0,0,0,0,0,0,0,0,0,0,0,0,0,0,0,0,0,0,0,0,0,0,0,0,0,0,0,0,0,0,0,0,0,0
ENSMUSG00000027868,0,0,0,0,0,0,0,0,0,0,0,0,0,0,0,0,0,0,0,0,0,0,0,0,0,0,0,0,0,0,0,0,0,0,0,0,0,0,0,0,0,0,0,0,0,0,0,0,0,0,0,0,0,0,0,0,0,0,0,0,0,0,0,0,0,0,0,0,0,0,0,0,0,0,0,0,0,0,0,0,0,0,0,0,0,0,0,0,0,0,0,0,0,0,0,0,0,0,0,0,0,0,0,0,0,0
ENSMUSG00000029705,0,0,0,0,0,0,0,0,0,0,0,0,0,0,0,0,0,0,0,0,0,0,0,0,0,0,0,0,0,0,0,0,0,0,0,0,0,0,0,0,0,0,0,0,0,0,0,0,0,0,0,0,0,0,0,0,0,0,0,0,0,0,0,0,0,0,0,0,0,0,0,0,0,0,0,0,0,0,0,0,0,0,0,0,0,0,0,0,0,0,0,0,0,0,0,0,0,0,0,0,0,0,0,0,0,0
ENSMUSG00000030067,0,0,0,0,0,10.0284605610482,0,0,0,0,0,0,0,0,0,0,0,0,0,0,0,1.26771261960767,0,0,0,0,0,0,14.5441468279304,0,0,0,0,0,0,0,0,0,0,0,0,0,0,0,0,0,0,0,10.8965987181976,0,0,0,0,0,0,0,0,0,0,0,0,0,0,0,0,0,0,0,0,0,0,0,0,0,0,0,14.6708153464232,0,0,0,0,0,0,0,13.8359638572381,0,0,0,0,0,0,0,0,0,0,0,0,0,0,0,0,0,0,0,0,0
ENSMUSG00000030199,0,0,0,0,0,0,0,0,0,0,0,0,0,0,0,0,0,0,0,0,0,0,0,0,0,0,0,0,0,0,0,0,0,0,0,0,0,0,0,0,0,0,0,0,0,0,0,0,0,0,0,0,0,0,0,0,0,0,0,0,0,0,0,0,0,0,0,0,0,0,0,0,0,0,0,0,0,0,0,0,0,0,0,0,0,0,0,0,0,0,0,0,0,0,0,0,0,0,0,0,0,0,0,0,0,0
ENSMUSG00000031681,0,0,0,0,0,0,0,0,0,0,0,0,0,0,0,0,0,0,0,0,0,0,0,0,0,0,0,0,0,0,0,0,0,0,0,0,0,0,0,0,0,0,0,0,0,0,0,0,0,0,0,0,0,0,0,0,0,0,0,0,0,0,0,0,0,0,0,0,0,0,0,0,0,0,0,0,0,0,0,0,0,0,0,0,0,0,0,0,0,0,0,0,0,0,0,0,0,0,0,0,0,0,0,0,0,0
ENSMUSG00000037608,0,0,0,0,0,0,0,0,0,0,0,0,0,0,0,0,0,0,0,0,0,0,0,0,0,0,0,0,0,0,0,0,0,0,0,0,0,0,0,0,0,0,0,0,0,0,0,0,0,0,0,0,0,0,0,0,0,0,0,0,0,0,0,0,0,0,0,0,0,0,0,0,0,0,0,0,0,0,0,0,0,0,0,0,0,0,0,0,0,0,0,0,0,0,0,0,0,0,0,0,0,0,0,0,0,0
ENSMUSG00000038535,0,0,0,0,0,0,0,0,0,0,0,0,0,0,0,0,0,0,0,0,0,0,0,0,0,0,0,0,0,0,0,0,0,0,0,0,0,0,0,0,0,0,0,0,0,0,0,0,0,0,0,0,0,0,0,0,0,0,0,0,0,0,0,0,0,0,0,0,0,0,0,0,0,0,0,0,0,0,0,0,0,0,0,0,0,0,0,0,0,0,0,0,0,0,0,0,0,0,0,0,0,0,0,0,0,0
ENSMUSG00000038872,0,0,0,0,0,0,0,0,0,0,0,0,0,0,0,0,0,0,0,0,0,0,0,0,0,0,0,0,0,0,0,0,0,0,0,0,0,0,0,0,0,0,0,0,0,0,0,0,0,0,0,0,0,0,0,0,0,0,0,0,0,0,0,0,0,0,0,0,0,0,0,0,0,0,0,0,0,0,0,0,0,0,0,0,0,0,0,0,0,0,0,0,0,0,0,0,0,0,0,0,0,0,0,0,0,0
ENSMUSG00000039087,0,0,0,0,0,0,0,0,0,0,0,0,0,0,0,0,0,0,0,0,0,0,0,0,0,0,0,0,0,0,0,0,0,0,0,0,0,0,0,0,0,0,0,0,0,0,0,0,0,0,0,0,0,0,0,0,0,0,0,0,0,0,0,0,0,0,0,0,0,0,0,0,0,0,0,0,0,0,0,0,0,0,0,0,0,0,0,0,0,0,0,0,0,0,0,0,0,0,0,0,0,0,0,0,0,0
ENSMUSG00000042496,0,0,0,0,0,0,0,0,0,0,0,0,0,0,0,0,0,0,0,0,0,0,0,0,0,0,0,0,0,0,0,0,0,0,0,0,0,0,0,0,0,0,0,0,0,0,0,0,0,0,0,0,0,0,0,0,0,0,0,0,0,0,0,0,0,0,0,0,0,0,0,0,0,0,0,0,0,0,0,0,0,0,0,0,0,0,0,0,0,0,0,0,0,0,0,0,0,0,0,0,0,0,0,0,0,0
ENSMUSG00000045333,0,0,0,0,0,0,0,0,0,0,0,0,0,0,0,0,0,0,0,0,0,0,0,0,0,0,0,0,0,0,0,0,0,0,0,0,0,0,0,0,0,0,0,0,0,0,0,0,0,0,0,0,0,0,0,0,0,0,0,0,0,0,0,0,0,0,0,0,0,0,0,0,0,0,0,0,0,0,0,0,0,0,0,0,0,0,0,0,0,0,0,0,0,0,0,0,0,0,0,0,0,0,0,0,0,0
ENSMUSG00000048410,0,0,0,0,0,0,0,0,0,0,0,0,0,0,0,0,0,0,0,0,0,0,0,0,0,0,0,0,0,0,0,0,0,0,0,0,0,0,0,0,0,0,0,0,0,0,0,0,0,0,0,0,0,0,0,0,0,0,0,0,0,0,0,0,0,0,0,0,0,0,0,0,0,0,0,0,0,0,0,0,0,0,0,0,0,0,0,0,0,0,0,0,0,0,0,0,0,0,0,0,0,0,0,0,0,0
ENSMUSG00000048897,0,0,0,0,0,0,0,0,0,0,0,0,0,0,0,0,0,0,0,0,0,0,0,0,0,0,0,0,0,0,0,0,0,0,0,0,0,0,0,0,0,0,0,0,0,0,0,0,0,0,0,0,0,0,0,0,0,0,0,0,0,0,0,0,0,0,0,0,0,0,0,0,0,0,0,0,0,0,0,0,0,0,0,0,0,0,0,0,0,0,0,0,0,0,0,0,0,0,0,0,0,0,0,0,0,0
ENSMUSG00000049606,0,0,0,0,0,0,0,0,0,0,0,0,0,0,0,0,0,0,0,0,0,0,0,0,0,0,0,0,0,0,0,0,0,0,0,0,0,0,0,0,0,0,0,0,0,0,0,0,0,0,0,0,0,0,0,0,0,0,0,0,0,0,0,0,0,0,0,0,0,0,0,0,0,0,0,0,0,0,0,0,0,0,0,0,0,0,0,0,0,0,0,0,0,0,0,0,0,0,0,0,0,0,0,0,0,0
ENSMUSG00000049878,0,0,0,0,0,0,0,0,0,0,0,0,0,0,0,0,0,0,0,0,0,0,0,0,0,0,0,0,0,0,0,0,0,0,0,0,0,0,0,0,0,0,0,0,0,0,0,0,0,0,0,0,0,0,0,0,0,0,0,0,0,0,0,0,0,0,0,0,0,0,0,0,0,0,0,0,0,0,0,0,0,0,0,0,0,0,0,0,0,0,0,0,0,0,0,0,0,0,0,0,0,0,0,0,0,0
ENSMUSG00000053110,0,0,0,0,0,0,0,0,0,0,0,0,0,0,0,0,0,0,0,0,0,0,0,0,0,0,0,0,0,0,0,0,0,0,0,0,0,0,0,0,0,0,0,0,0,0,0,0,0,0,0,0,0,0,0,0,0,0,0,0,0,0,0,0,0,0,0,0,0,0,0,0,0,0,0,0,0,0,0,0,0,0,0,0,0,0,0,0,0,0,0,0,0,0,0,0,0,0,0,0,0,0,0,0,0,0
ENSMUSG00000053477,0,15.868506675646,0,0,0,13.166806560111,0,0,0,0,12.990009588565,0,0,0,0,0,0,8.37861581993927,0,0,0,0,0,0,0,0,0,0,0,0,0,0,0,0,0,0,0,0,0,0,0,0,0,0,0,0,0,0,0,0,0,0,0,0,0,0,0,0,0,0,1.72223302798073,0,0,0,0,0,0,0,11.9130154512956,0,0,0,0,0,0,0,15.8823532368128,0,0,0,0,0,0,0,0,0,0,0,0,0,0,0,0,0,0,0,0,0,15.4093210664314,0,0,0,0,0,0,0
ENSMUSG00000056758,0,0,0,0,0,0,0,0,0,0,0,0,0,0,0,0,12.8750049004069,0,0,0,0,0,0,0,0,0,0,0,0,0,0,0,0,0,0,0,0,0,0,0,0,0,0,0,0,0,0,0,0,0,0,0,0,0,0,0,0,0,0,0,3.94727933448996,0,0,0,0,0,0,0,0,0,0,0,0,0,0,0,0,0,0,0,0,0,0,0,0,0,0,0,0,0,0,0,0,0,0,0,0,0,0,0,0,0,0,0,0,0
ENSMUSG00000063524,0,0,0,0,0,0,0,0,0,0,0,0,0,0,0,0,0,0,0,0,0,0,0,0,0,0,0,0,0,0,0,0,0,0,0,0,0,0,0,0,0,0,0,0,0,0,0,0,0,0,0,0,0,0,0,0,0,0,0,0,0,0,0,0,0,0,0,0,0,0,0,0,0,0,0,0,0,0,0,0,0,0,0,0,0,0,0,0,0,0,0,0,0,0,0,0,0,0,0,0,0,0,0,0,0,0
ENSMUSG00000078671,0,0,0,0,0,0,0,0,0,0,0,0,0,0,0,0,0,0,0,0,0,0,0,0,0,0,0,0,0,0,0,0,0,0,0,0,0,0,0,0,0,0,0,0,0,0,0,0,0,0,0,0,0,0,0,0,0,0,0,0,0,0,0,0,0,0,0,0,0,0,0,0,0,0,0,0,0,0,0,0,0,0,0,0,0,0,0,0,0,0,0,0,0,0,0,0,0,0,0,0,0,0,0,0,0,0
ENSMUSG00000001517,0,0,0,0,0,0,0,0,0,0,0,0,0,0,0,0,0,0,0,0,0,0,0,0,0,0,0,0,0,0,0,0,0,0,0,0,0,0,0,0,0,0,0,0,0,0,0,0,0,0,0,0,0,0,0,0,0,0,0,0,0,0,0,0,0,0,0,0,0,0,0,0,0,0,0,0,0,0,0,0,0,0,0,0,0,0,0,0,0,0,0,0,0,0,0,0,0,0,0,0,0,0,0,0,0,0
ENSMUSG00000002147,0,0,0,0,0,0,0,0,0,0,0,0,0,0,0,0,0,0,0,0,0,0,0,0,0,0,0,0,0,0,0,0,0,0,0,0,0,0,0,0,0,0,0,0,0,0,0,0,0,0,0,0,0,0,0,0,0,0,0,0,0,0,0,0,0,0,0,0,0,0,0,0,0,0,0,0,0,0,0,0,0,0,0,0,0,0,0,0,0,0,0,0,0,0,0,0,0,0,0,0,0,0,0,0,0,0
ENSMUSG00000002393,0,0,0,0,0,0,0,0,0,0,0,0,0,0,0,0,0,0,0,0,0,0,0,0,0,0,0,0,0,0,0,0,0,0,0,0,0,0,0,0,0,0,0,0,0,0,0,0,0,0,0,0,0,0,0,0,0,0,0,0,0,0,0,0,0,0,0,0,0,0,0,0,0,0,0,0,0,0,0,0,0,0,0,0,0,0,0,0,0,0,0,0,0,0,0,0,0,0,0,0,0,0,0,0,0,0
ENSMUSG00000002428,0,0,0,0,0,0,0,0,0,0,0,0,0,0,0,0,0,0,0,0,0,0,0,0,0,0,0,0,0,0,0,0,0,0,0,0,0,0,0,0,0,0,0,0,0,0,0,0,0,0,0,0,0,0,0,0,0,0,0,0,0,0,0,0,0,0,0,0,0,0,0,0,0,0,0,0,0,0,0,0,0,0,0,0,0,0,0,0,0,0,0,0,0,0,0,0,0,0,0,0,0,0,0,0,0,0
ENSMUSG00000003051,0,0,0,0,0,0,0,0,0,0,0,0,0,0,0,0,0,0,0,0,0,0,0,0,0,0,0,0,0,0,0,0,0,0,0,0,0,0,0,0,0,0,0,0,0,0,0,0,0,0,0,0,0,0,0,0,0,0,0,0,0,0,0,0,0,0,0,0,0,0,0,0,0,0,0,0,0,0,0,0,0,0,0,0,0,0,0,0,0,0,0,0,0,0,0,0,0,0,0,0,0,0,0,0,0,0
ENSMUSG00000003184,0,0,0,0,0,0,0,0,0,0,0,0,0,0,0,0,0,0,0,0,0,0,0,0,0,0,0,0,0,0,0,0,0,0,0,0,0,0,0,0,0,0,0,0,0,0,0,0,0,0,0,0,0,0,0,0,0,0,0,0,0,0,0,0,0,0,0,0,0,0,0,0,0,0,0,0,0,0,0,0,0,0,0,0,0,0,0,0,0,0,0,0,0,0,0,0,0,0,0,0,0,0,0,0,0,0
ENSMUSG00000003282,0,0,0,0,0,0,0,0,0,0,0,0,0,0,0,0,0,0,0,0,0,0,0,0,0,0,0,0,0,0,0,0,0,0,0,0,0,0,0,0,0,0,0,0,0,0,0,0,0,0,0,0,0,0,0,0,0,0,0,0,0,0,0,0,0,0,0,0,0,0,0,0,0,0,0,0,0,0,0,0,0,0,0,0,0,0,0,0,0,0,0,0,0,0,0,0,0,0,0,0,0,0,0,0,0,0
ENSMUSG00000003929,0,0,0,0,0,0,0,0,0,0,0,0,0,0,0,0,0,0,0,0,0,0,0,0,0,0,0,0,0,0,0,0,0,0,0,0,0,0,0,0,0,0,0,0,0,0,0,0,0,0,0,0,0,0,0,0,0,0,0,0,0,0,0,0,0,0,0,0,0,0,0,0,0,0,0,0,0,0,0,0,0,0,0,0,0,0,0,0,0,0,0,0,0,0,0,0,0,0,0,0,0,0,0,0,0,0
ENSMUSG00000049577,0,0,0,0,0,0,0,0,0,0,0,0,0,0,0,0,0,0,0,0,0,0,0,0,0,0,0,0,0,0,0,0,0,0,0,0,0,0,0,0,0,0,0,0,0,0,0,0,0,0,0,0,0,0,0,0,0,0,0,0,0,0,0,0,0,0,0,0,0,0,0,0,0,0,0,0,0,0,0,0,0,0,0,0,0,0,0,0,0,0,0,0,0,0,0,0,0,0,0,0,0,0,0,0,0,0
ENSMUSG00000014592,0,0,0,0,0,0,0,0,0,0,0,0,0,0,0,0,0,0,0,0,0,0,0,0,0,0,0,0,0,0,0,0,0,0,0,0,0,0,0,0,0,0,0,0,0,0,0,0,0,0,0,0,0,0,0,0,0,0,0,0,0,0,0,0,0,0,0,0,0,0,0,0,0,0,0,0,0,0,0,0,0,0,0,0,0,0,0,0,0,0,0,0,0,0,0,0,0,0,0,0,0,0,0,0,0,0
ENSMUSG00000001911,0,0,0,0,0,0,0,0,0,0,0,0,0,0,0,0,0,0,0,0,0,0,0,0,0,0,0,0,0,0,0,0,0,0,0,0,0,0,0,0,0,0,0,0,0,0,0,0,0,0,0,0,0,0,0,0,0,0,0,0,0,0,0,0,0,0,0,0,0,0,0,0,0,0,0,0,0,0,0,0,0,0,0,0,0,0,0,0,0,0,0,0,0,0,0,0,0,0,0,0,0,0,0,0,0,0
ENSMUSG00000043456,0,0,0,0,0,0,0,0,0,0,0,0,0,0,0,0,0,0,0,0,0,0,0,0,0,0,0,0,0,0,0,0,0,0,0,0,0,0,0,0,0,0,0,0,0,0,0,0,0,0,0,0,0,0,0,0,0,0,0,0,0,0,0,0,0,0,0,0,0,0,0,0,0,0,0,0,0,0,0,0,0,0,0,0,0,0,0,0,0,0,0,0,0,0,0,0,0,0,0,0,0,0,0,0,0,0
ENSMUSG00000000282,0,0,0,0,0,0,0,0,0,0,0,0,0,0,0,0,0,0,0,0,0,0,0,0,0,0,0,0,0,0,0,0,0,0,0,0,0,0,0,0,0,0,0,0,0,0,0,0,0,0,0,0,0,0,0,0,0,0,0,0,0,0,0,0,0,0,0,0,0,0,0,0,0,0,0,0,0,0,0,0,0,0,0,0,0,0,0,0,0,0,0,0,0,0,0,0,0,0,0,0,0,0,0,0,0,0
ENSMUSG00000037992,0,0,0,0,0,0,0,0,0,0,0,0,0,0,0,0,0,0,0,0,0,0,0,0,0,0,0,0,0,0,0,0,0,0,0,0,0,0,0,0,0,0,0,0,0,0,0,0,0,0,0,0,0,0,0,0,0,0,0,0,0,0,0,0,0,0,0,0,0,0,0,0,0,0,0,0,0,0,0,0,0,0,0,0,0,0,0,0,0,0,0,0,0,0,0,0,0,0,0,0,0,0,0,0,0,0
ENSMUSG00000037465,0,0,0,0,0,0,0,0,0,0,0,0,0,0,0,0,0,0,0,0,0,0,0,0,0,0,0,0,0,0,0,0,0,0,0,0,0,0,0,0,0,0,0,0,0,0,0,0,0,0,0,0,0,0,0,0,0,0,0,0,0,0,0,0,0,0,0,0,0,0,0,0,0,0,0,0,0,0,0,0,0,0,0,0,0,0,0,0,0,0,0,0,0,0,0,0,0,0,0,0,0,0,0,0,0,0
ENSMUSG00000048402,0,0,0,0,0,0,0,0,0,0,0,0,0,0,0,0,0,0,0,0,0,0,0,0,0,0,0,0,0,0,0,0,0,0,0,0,0,0,0,0,0,0,0,0,0,0,0,0,0,0,0,0,0,0,0,0,0,0,0,0,0,0,0,0,0,0,0,0,0,0,0,0,0,0,0,0,0,0,0,0,0,0,0,0,0,0,0,0,0,0,0,0,0,0,0,0,0,0,0,0,0,0,0,0,0,0
ENSMUSG00000055053,0,0,0,0,0,0,0,0,10.8724100045273,0,10.8693253529033,0,0,0,3.85742104822075,0,5.17872545304514,0,0,0,0,0,0,0.0849837588158452,0,0,0,0,0,0,0,0,0,0,5.99778134525572,0,0,0,0,0,0,0,0,0,0,0,0,0,0,1.70684177235319,0,0,0,0,0,0,0,0,0,0,6.58394679758923,0,0,0,0,0,0,0,0,0,0,0,0,0,0,0,7.27614798203614,0,0,0,0,0,0,0,0,0,0.0265034180007696,0,0,0,0,0,0,0,0,0,0,0,9.24120039799407,0,0,10.9538913909752,0,0,0,0
ENSMUSG00000056493,0,0,0,0,0,0,0,0,0,0,0,0,0,0,0,0,0,0,0,0,0,0,0,0,0,0,0,0,0,0,0,0,0,0,0,0,0,0,0,0,0,0,0,0,0,0,0,0,0,0,0,0,0,0,0,0,0,0,0,0,0,0,0,0,0,0,0,0,0,0,0,0,0,0,0,0,0,0,0,0,0,0,0,0,0,0,0,0,0,0,0,0,0,0,0,0,0,0,0,0,0,0,0,0,0,0
ENSMUSG00000000247,0,0,0,0,0,0,0,0,0,0,0,0,0,0,0,0,0,0,0,0,0,0,0,0,0,0,0,0,0,0,0,3.50385039734235,0,0,4.39292752950861,0,0,0,0,0,0,0,0,0,0,0,0,0,0,0,0,0,0,0,0,0,0,0,0,0,0,0,0,0,0,0,0,0,5.446527192821,0,0,0,0,0,0,0,0,0,0,0,0,0,0,0,0,0,0,0,0,0,0,0,0,0,0,0,0,0,0,0,0,0,0,0,0,0
ENSMUSG00000000317,0,0,0,0,0,0,0,0,0,0,0,0,0,0,0,0,0,0,0,0,0,0,0,0,0,0,0,0,0,0,0,0,0,0,0,0,0,0,0,0,0,0,0,0,0,0,0,0,0,0,0,0,0,0,0,0,0,0,0,0,0,0,0,0,0,0,0,0,0,0,0,0,0,0,0,0,0,0,0,0,0,0,0,0,0,0,0,0,0,0,0,0,0,0,0,0,0,0,0,0,0,0,0,0,0,0
ENSMUSG00000023781,0,3.43973446263056,0,2.86379654995506,0,2.47536485495852,0,0,0.409772580972182,0,0,9.1452998083836,0,0,0,0,0.31658517575144,6.46528177848658,0,0,0,2.63789082033125,0,4.15356076646477,0,0,0,0,0,1.71666117611808,0,3.75037068007238,0,0,0,0,0,0,0,0,0,0,5.73038293648706,0,0,0,0,0,1.91327909521034,7.88185605318189,0,0,0,0,0,0,0,0,0,0,6.9528655004158,0,0,0.179726648221514,0,0,0,0,1.52004536107964,0,0,0,0,0,0,1.82849186591734,7.79933318966612,0.0073572943425542,0,6.11175137643213,0,0,0,2.24215944954693,12.1800931074416,0,2.81119473858391,0,0,0,0,0,0,0,0,9.85903254224251,0,0,3.5214321861439,6.83723799894776,0,3.01086420729928,0,0,0,0
ENSMUSG00000025407,0,0,0,0,0,0,0,0,0,0,0,0,0,0,0,0,0,0,0,0,0,0,0,0,0,0,0,0,0,0,0,0,0,0,0,0,0,0,0,0,0,0,0,0,0,0,0,0,0,0,0,0,0,0,0,0,0,0,0,0,0,0,0,0,0,0,0,0,0,0,0,0,0,0,0,0,0,0,0,0,0,0,0,0,0,0,0,0,0,0,0,0,0,0,0,0,0,0,0,0,0,0,0,0,0,0
ENSMUSG00000027544,0,0,0,0,0,0,0,0,0,0,0,0,0,0,0,0,0,0,0,0,0,0,0,0,0,0,0,0,0,0,0,0,0,0,0,0,0,0,0,0,0,0,0,0,0,0,0,0,0,0,0,0,0,0,0,0,0,0,0,0,0,0,0,0,0,0,0,0,0,0,0,0,0,0,0,0,0,0,0,0,0,0,0,0,0,0,0,0,0,0,0,0,0,0,0,0,0,0,0,0,0,0,0,0,0,0
ENSMUSG00000037868,6.97863275679447,9.2917306036747,0,6.2746576784729,0,5.21851046103654,0,0,1.83186604755522,0,3.62707592583933,2.75744284173215,0,0,10.185317329217,0,1.70802236569754,0.310811085727402,0,0,0,2.90843243714845,0,6.37927351149082,0,0,0,0,0.184862196117926,0.302483213899297,0,13.9563948607156,0,0,1.68037883498071,0,0,0,0,0,0,0,10.0753886705043,0,0,0,0,0,8.43398515972481,1.23667998758244,0,0,0,0,0,0,0,0,0,0,8.48922245685436,0,0,9.98168077244656,0,0,0,0,5.60383479308318,0,5.02236538015765,0,0,0,0,0,8.76291579592547,6.73362834237307,0,1.13997832294497,0,0,0,4.55144726681821,7.01418916206019,0,5.67709299838296,0,0.590893304633211,0,0,0,3.46930871721488,0,0,6.63901991120615,0,0,0,9.17220687093045,0,9.04691499783116,0,0,0,0
ENSMUSG00000040270,0,0,0,10.9997130577594,0,0,0,0,0,0,0,0,0,0,0,0,13.2451667344263,10.6887190108631,0,0,0,0,0,0,0,0,0,0,0,0,0,13.6626567798342,0,0,0,0,0,0,0,0,0,0,0,0,0,0,0,0,14.2157979168286,0,0,0,0,0,0,0,0,0,0,0,0,0,0,9.87996765382496,0,0,0,0,1.10253836096743,0,0,0,0,0,0,0,0,0,0,8.50127519756369,0,0,0,0,0,0,0,0,0,0,0,0,0,0,0,0,0,0,13.0227712136967,0.455506711442396,0,4.13062676524422,0,0,0,0
ENSMUSG00000005836,0,0,0,0,0,0,0,0,0,0,0,0,0,0,0,0,0,0,0,0,0,0,0,0,0,0,0,0,0,0,0,0,0,0,0,0,0,0,0,0,0,0,0,0,0,0,0,0,0,0,0,0,0,0,0,0,0,0,0,0,0,0,0,0,0,0,0,0,0,0,0,0,0,0,0,0,0,0,0,0,0,0,0,0,0,0,0,0,0,0,0,0,0,0,0,0,0,0,0,0,0,0,0,0,0,0
ENSMUSG00000008976,0,0,0,0,0,0,0,0,0,0,0,0,0,0,0,0,0,0,0,0,0,0,0,0,0,0,0,0,0,0,0,0,0,0,0,0,0,0,0,0,0,0,0,0,0,0,0,0,0,0,0,0,0,0,0,0,0,0,0,0,0,0,0,0,0,0,0,0,0,0,0,0,0,0,0,0,0,0,0,0,0,0,0,0,0,0,0,0,0,0,0,0,0,0,0,0,0,0,0,0,0,0,0,0,0,0
ENSMUSG00000015619,11.7792683488649,3.01001538267091,0,0,0,1.6110005110886,0,0,2.82495404231795,0,7.56105557185228,0,0,0,0,0,5.46018105566837,11.0165769582594,0,0,0,11.2276286409779,0,1.08326343816551,0,0,0,0,2.71691322289637,0,0,6.99397866446902,0,0,4.89586087754257,0,0,0,0,0,0,0,0,0,0,0,0,0,4.82204622108925,11.1969751269123,0,0,0,0,0,0,0,0,0,0,2.75783601160247,0,0,5.29004903308088,0,0,0,0,12.6984819946549,0,0.619995690680857,0,0,0,0,1.02622239865692,12.4704440068608,10.3448367511439,0,0,0,0,0,3.84709444979768,9.73394922281214,0,4.16577352872915,0,10.4219629467966,0,0,0,4.53721798158859,10.499721234202,0,0,0,0,5.48351579601764,1.55485952207286,0,14.5847385666643,0,0,0,0
ENSMUSG00000018983,0,0,0,0,0,0,0,0,0,0,0,0,0,0,0,0,0,0,0,0,0,0,0,0,0,0,0,0,0,0,0,0,0,0,0,0,0,0,0,0,0,0,0,0,0,0,0,0,0,0,0,0,0,0,0,0,0,0,0,0,0,0,0,0,0,0,0,0,0,0,0,0,0,0,0,0,0,0,0,0,0,0,0,0,0,0,0,0,0,0,0,0,0,0,0,0,0,0,0,0,0,0,0,0,0,0
ENSMUSG00000025959,0,0,0,0,0,0,0,0,0,0,0,0,0,0,0,0,0,0,0,0,0,0,0,0,0,0,0,0,0,0,0,0,0,0,0,0,0,0,0,0,0,0,0,0,0,0,0,0,0,0,0,0,0,0,0,0,0,0,0,0,0,0,0,0,0,0,0,0,0,0,0,0,0,0,0,0,0,0,0,0,0,0,0,0,0,0,0,0,0,0,0,0,0,0,0,0,0,0,0,0,0,0,0,0,0,0
ENSMUSG00000026628,0,0,0,0,0,0,0,0,0,0,0,0,0,0,0,0,0,0,0,0,0,0,0,0,0,0,0,0,0,0,0,0,0,0,0,0,0,0,0,0,0,0,0,0,0,0,0,0,0,0,0,0,0,0,0,0,0,0,0,0,0,0,0,0,0,0,0,0,0,0,0,0,0,0,0,0,0,0,0,0,0,0,0,0,0,0,0,0,0,0,0,0,0,0,0,0,0,0,0,0,0,0,0,0,0,0
ENSMUSG00000027230,0,0,0,0,0,6.98418489174063,0,0,2.59223889251874,0,2.7306079231306,5.69190994240901,0,0,0,0,0,0,0,0,0,0.437431774997867,0,0,0,0,0,0,0,0,0,0,0,0,0,0,0,0,0,0,0,0,1.52870880143129,0,0,0,0,0,3.72959827365785,0,0,0,0,0,0,0,0,0,0,0,6.65115689361454,0,0,0.48099323030892,0,0,0,0,8.14150175494536,0,0,0,0,0,0,0,6.17889940658454,0,0,0.795785775387117,0,0,0,0,0,0,0,0,0,0,0,0,0,0,0,0,0,0,3.67338438536456,0,0,2.04106033312881,0,0,0,0
ENSMUSG00000027985,0,8.79256727605471,0,0,0,0,0,0,0,0,10.9786576905436,0,0,0,0,0,0,0,0,0,0,0,0,0,0,0,0,0,0,0,0,6.97745600485485,0,0,0,0,0,0,0,0,0,0,0,0,0,0,0,0,12.1434478732057,0,0,0,0,0,0,0,0,0,0,0,0,0,0,0,0,0,0,0,6.14436664190058,0,0,0,0,0,0,0,0,0,0,0,0,0,0,0,0,0,0,0,0,0,0,0,0,0,0,0,0,0,8.71429651139899,0,0,0,0,0,0,0
ENSMUSG00000028163,0,0,0,0,0,0,0,0,0,0,0,0,0,0,0,0,0,0,0,0,0,0,0,0,0,0,0,0,0,0,0,0,0,0,0,0,0,0,0,0,0,0,0,0,0,0,0,0,0,0,0,0,0,0,0,0,0,0,0,0,0,0,0,0,0,0,0,0,0,0,0,0,0,0,0,0,0,0,0,0,0,0,0,0,0,0,0,0,0,0,0,0,0,0,0,0,0,0,0,0,0,0,0,0,0,0
ENSMUSG00000029697,0,2.76268293398148,0,8.46957625485756,0,0,0,0,0,0,0,0,0,0,0,0,0,0,0,0,0,0,0,0,0,0,0,0,0,0,0,4.30324080614383,0,0,2.10866997091436,0,0,0,0,0,0,0,0,0,0,0,0,0,0,0,0,0,0,0,0,0,0,0,0,0,0,0,0,0,0,0,0,0,0,0,0,0,0,0,0,0,0,0,0,0,0,0,0,0,0,0,0,0,0,0,0,0,0,2.33792828791889,0,0,0,0,0.226285086447271,0,0,0,0,0,0,0
ENSMUSG00000031737,0,0,0,0,0,0,0,0,0,0,0,0,0,0,0,0,0,0,0,0,0,0,0,0,0,0,0,0,0,0,0,0,0,0,0,0,0,0,0,0,0,0,0,0,0,0,0,0,0,0,0,0,0,0,0,0,0,0,0,0,0,0,0,0,0,0,0,0,0,0,0,0,0,0,0,0,0,0,0,0,0,0,0,0,0,0,0,0,0,0,0,0,0,0,0,0,0,0,0,0,0,0,0,0,0,0
ENSMUSG00000036867,0,0,0,0,0,0,0,0,0,0,0,0,0,0,0,0,0,0,0,0,0,0,0,0,0,0,0,0,0,0,0,0,0,0,0,0,0,0,0,0,0,0,0,0,0,0,0,0,0,0,0,0,0,0,0,0,0,0,0,0,0,0,0,0,0,0,0,0,0,0,0,0,0,0,0,0,0,0,0,0,0,0,0,0,0,0,0,0,0,0,0,0,0,0,0,0,0,0,0,0,0,0,0,0,0,0
ENSMUSG00000038615,0,0,0,0,0,0,0,0,0,0,0,0,0,0,0,0,0,0,0,0,0,0,0,0,0,0,0,0,0,0,0,0,0,0,0,0,0,0,0,0,0,0,0,0,0,0,0,0,0,0,0,0,0,0,0,0,0,0,0,0,0,0,0,0,0,0,0,0,0,0,0,0,0,0,0,0,0,0,0,0,0,0,0,0,0,0,0,0,0,0,0,0,0,0,0,0,0,0,0,0,0,0,0,0,0,0
ENSMUSG00000044303,0,0,0,0,0,0,0,0,0,0,0,0,0,0,0,0,0,0,0,0,0,0,0,0,0,0,0,0,0,0,0,0,0,0,0,0,0,0,0,0,0,0,0,0,0,0,0,0,0,0,0,0,0,0,0,0,0,0,0,0,0,0,0,0,0,0,0,0,0,0,0,0,0,0,0,0,0,0,0,0,0,0,0,0,0,0,0,0,0,0,0,0,0,0,0,0,0,0,0,0,0,0,0,0,0,0
ENSMUSG00000050100,0,0,0,0,0,0,0,0,0,0,0,0,0,0,0,0,0,0,0,0,0,0,0,0,0,0,0,0,0,0,0,0,0,0,0,0,0,0,0,0,0,0,0,0,0,0,0,0,0,0,0,0,0,0,0,0,0,0,0,0,0,0,0,0,0,0,0,0,0,0,0,0,0,0,0,0,0,0,0,0,0,0,0,0,0,0,0,0,0,0,0,0,0,0,0,0,0,0,0,0,0,0,0,0,0,0
ENSMUSG00000051910,0,0,0,0,0,0,0,0,0,0,0,0,0,0,0,0,0,0,0,0,0,0,0,0,0,0,0,0,0,4.87144224047254,0,0,0,0,0,0,0,0,0,0,0,0,0,0,0,0,0,0,0,0,0,0,0,0,0,0,0,0,0,0,0,0,0,0,0,0,0,0,0.0760270442419875,0,0,0,0,0,0,0,0,0,0,0,0,0,0,0,0,0,0,0,0,0,0,0,0,0,0,1.05687200285506,0,0,0,0,0,0,0,0,0,0
ENSMUSG00000057098,9.2647288142372,13.6454021618023,0,0,0,12.6956179901696,0,0,4.8922890548453,0,6.96474731575368,8.74494986859553,0,0,16.4390965364126,0,10.3777562062344,3.52261130510059,0,0,0,2.80449164494419,0,4.24717717820005,0,0,0,0,16.5977035166124,2.30778365584344,0,10.3678138151954,0,0,6.97040557179818,0,0,0,0,0,0,0,11.4087074491025,0,0,0,0,0,11.7035522786788,0,0,0,0,0,0,0,0,0,0,0,10.9856703727678,0,0,10.6796242474741,0,0,0,0,11.6080508677781,0,0.359564650809637,0,0,0,0,8.25553053312284,11.0492078837323,2.5554652947851,0,9.593671314376,0,0,0,4.17506279664241,0,0,0,0,5.73751973021255,0,0,0,6.97531752242117,0,0,1.00006768607251,0,0,0,9.64464702035414,0,7.58999182034294,0,0,0,0
ENSMUSG00000059824,0,0,0,0,0,0,0,0,0,0,0,0,0,0,0,0,0,0,0,0,0,0,0,0,0,0,0,0,0,0,0,0,0,0,0,0,0,0,0,0,0,0,0,0,0,0,0,0,0,0,0,0,0,0,0,0,0,0,0,0,0,0,0,0,0,0,0,0,0,0,0,0,0,0,0,0,0,0,0,0,0,0,0,0,0,0,0,0,0,0,0,0,0,0,0,0,0,0,0,0,0,0,0,0,0,0
ENSMUSG00000074622,10.6982432735029,0.685421758347607,0,0,0,1.61939786532181,0,0,0.597439379751564,0,0.964699365709501,0,0,0,0,0,0,0,0,0,0,0,0,0,0,0,0,0,6.58174451870246,2.54764276827111,0,0.84039935394277,0,0,4.3389785003314,0,0,0,0,0,0,0,8.25211608771707,0,0,0,0,0,3.7911811870055,0,0,0,0,0,0,0,0,0,0,0,2.00245372836932,0,0,0,0,0,0,0,2.16961960111154,0,6.07338793789549,0,0,0,0,0,5.91224147837558,0,0,0,0,0,0,0,10.2380858843564,0,0,0,0,0,0,0,1.33887476047228,0,0,0,0,0,0,0,0,11.8916290007986,0,0,0,0
ENSMUSG00000075595,0,0,0,0,0,0,0,0,0,0,0,0,0,0,0,0,0,0,0,0,0,0,0,0,0,0,0,0,0,0,0,0,0,0,0,0,0,0,0,0,0,0,0,0,0,0,0,0,0,0,0,0,0,0,0,0,0,0,0,0,0,0,0,0,0,0,0,0,0,0,0,0,0,0,0,0,0,0,0,0,0,0,0,0,0,0,0,0,0,0,0,0,0,0,0,0,0,0,0,0,0,0,0,0,0,0
ENSMUSG00000076431,0,0,0,0,0,0,0,0,0,0,0,0,0,0,0,0,0,0,0,0,0,0,0,0,0,0,0,0,0,0,0,0,0,0,0,0,0,0,0,0,0,0,0,0,0,0,0,0,0,0,0,0,0,0,0,0,0,0,0,0,0,0,0,0,0,0,0,0,0,0,0,0,0,0,0,0,0,0,0,0,0,0,0,0,0,0,0,0,0,0,0,0,0,0,0,0,0,0,0,0,0,0,0,0,0,0
ENSMUSG00000017491,0,0,0,0,0,0,0,0,0,0,0,1.84379542866797,0,0,0,0,0,0,0,0,0,0,0,4.02809795259132,0,0,0,0,0,0,0,0,0,0,0,0,0,0,0,0,0,0,10.9209795465924,0,0,0,0,0,0,0,0,0,0,0,0,0,0,0,0,0,0.520569234991405,0,0,0,0,0,0,0,7.65973333136889,0,0,0,0,0,0,0,15.3132609797866,0,0,0,0,0,0,0,0,0,0,0,5.249094193259,0,0,0,10.7199186013953,0,0,3.18988500122737,0,0,0,0,0,0,0,0,0,0
ENSMUSG00000021944,0,0.700289331387555,0,0,0,0,0,0,0,0,0,0,0,0,0,0,0,0,0,0,0,2.14683077970787,0,0,0,0,0,0,0,0,0,0,0,0,0,0,0,0,0,0,0,0,0,0,0,0,0,0,0,0,0,0,0,0,0,0,0,0,0,0,0,0,0,0,0,0,0,0,0,0,0,0,0,0,0,0,0,0,0,0,0,0,0,0,0,0,0,0,0,0,0,0,0,3.28328244112807,0,0,0,0,0,0,0,0,0,0,0,0
ENSMUSG00000022485,0,0,0,0,0,0,0,0,0,0,0,0,0,0,0,0,0,0,0,0,0,0,0,0,0,0,0,0,0,0,0,0,0,0,0,0,0,0,0,0,0,0,0,0,0,0,0,0,0,0,0,0,0,0,0,0,0,0,0,0,0,0,0,0,0,0,0,0,0,0,0,0,0,0,0,0,0,0,0,0,0,0,0,0,0,0,0,0,0,0,0,0,0,0,0,0,0,0,0,0,0,0,0,0,0,0
ENSMUSG00000022528,0,6.96672486202902,0,8.30987453437882,0,5.85599801611153,0,0,8.23529482650709,0,1.84029986843071,2.59213476629955,0,0,4.2438586545488,0,2.06979669771614,15.8516701078836,0,0,0,0.611621644164844,0,12.0864264606805,0,0,0,0,8.23557206707013,7.0240103337601,0,5.65175723541572,0,0,0,0,0,0,0,0,0,0,3.82738447875867,0,0,0,0,0,8.85570173000604,12.6340417309217,0,0,0,0,0,0,0,0,0,0,6.76440931047598,0,0,10.1697589810679,0,0,0,0,12.0548279317156,0,0,0,0,0,0,10.1655431294351,5.74237460793812,13.6721589328902,0,12.1783623456971,0,0,0,3.08579963443602,9.65308654382728,0,6.02314414294468,0,5.97176707595558,0,0,0,0,2.75937899625582,0,9.00770040260495,0,0,9.17134070446379,1.42451364120103,0,0,0,0,0,0
ENSMUSG00000025025,0,0,0,0,0,0,0,0,0,0,0,0,0,0,0,0,0,0,0,0,0,0,0,0,0,0,0,0,0,0,0,0,0,0,0,0,0,0,0,0,0,0,0,0,0,0,0,0,0,0,0,0,0,0,0,0,0,0,0,0,0,0,0,0,0,0,0,0,0,0,0,0,0,0,0,0,0,0,0,0,0,0,0,0,0,0,0,0,0,0,0,0,0,0,0,0,0,0,0,0,0,0,0,0,0,0
ENSMUSG00000025223,0,0,0,0,0,0,0,0,0,0,0,0,0,0,0,0,0,0,0,0,0,0,0,0,0,0,0,0,0,0,0,0,0,0,0,0,0,0,0,0,0,0,0,0,0,0,0,0,0,0,0,0,0,0,0,0,0,0,0,0,0,0,0,0,0,0,0,0,0,0,0,0,0,0,0,0,0,0,0,0,0,0,0,0,0,0,0,0,0,0,0,0,0,0,0,0,0,0,0,0,0,0,0,0,0,0
ENSMUSG00000028736,0,0,0,0,0,0,0,0,7.91933499989812,0,0,2.24271966958146,0,0,0,0,0,5.87524764238794,0,0,0,3.55872868676336,0,0,0,0,0,0,0,0,0,0,0,0,7.20882888213276,0,0,0,0,0,0,0,0,0,0,0,0,0,7.25698764533553,0,0,0,0,0,0,0,0,0,0,0,0,0,0,6.4720057148229,0,0,0,0,0.263077149535848,0,0,0,0,0,0,0,0,0,0,0,0,0,0,0,0,0,0,0,1.76177261662198,0,0,0,0,0,0,0,0,0,0,0,0,0,0,0,0,0
ENSMUSG00000029178,0,0,0,0,0,0,0,0,0,0,0,0,0,0,0,0,0,0,0,0,0,0,0,0,0,0,0,0,0,0,0,0,0,0,0,0,0,0,0,0,0,0,0,0,0,0,0,0,0,0,0,0,0,0,0,0,0,0,0,0,0,0,0,0,0,0,0,0,0,0,0,0,0,0,0,0,0,0,0,0,0,0,0,0,0,0,0,0,0,0,0,0,0,0,0,0,0,0,0,0,0,0,0,0,0,0
